{"train_loss": 0.01915887473151088, "test_loss": 0.022258536890149117, "train_stats": null, "test_stats": null}