{"train_loss": 0.8037972137331962, "test_loss": 0.3733716495335102, "train_stats": null, "test_stats": null}