{"train_loss": 0.0006643918440143655, "test_loss": 1.7824329684178035, "train_stats": null, "test_stats": null}