{"train_loss": 0.00010335243860026821, "test_loss": 0.00017758073227014393, "train_stats": null, "test_stats": null}