{"train_loss": 0.04174357559531927, "test_loss": 0.04410963971167803, "train_stats": null, "test_stats": null}