{"train_loss": 0.04348563402891159, "test_loss": 0.042592693120241165, "train_stats": null, "test_stats": null}