{"train_loss": 0.10268568246780584, "test_loss": 0.24455145051081975, "train_stats": null, "test_stats": null}