{"train_loss": 0.00391213372349739, "test_loss": 0.004056080710142851, "train_stats": null, "test_stats": null}