{"train_loss": 0.06585245262831449, "test_loss": 0.06789927557110786, "train_stats": null, "test_stats": null}