{"train_loss": 0.015484362933784723, "test_loss": 0.01722274674102664, "train_stats": null, "test_stats": null}