{"train_loss": 0.5567692548036576, "test_loss": 0.5552440583705902, "train_stats": null, "test_stats": null}