{"train_loss": 0.008574129943735898, "test_loss": 0.011109075974673033, "train_stats": null, "test_stats": null}