{"train_loss": 0.510512113571167, "test_loss": 0.2786281704902649, "train_stats": null, "test_stats": null}