{"train_loss": 0.023568112403154373, "test_loss": 0.026814500335603952, "train_stats": null, "test_stats": null}