{"train_loss": 0.2686038017272949, "test_loss": 0.26452571153640747, "train_stats": null, "test_stats": null}