{"train_loss": 1.0006541848182677, "test_loss": 0.9639624357223511, "train_stats": null, "test_stats": null}