{"train_loss": 0.007311945224258428, "test_loss": 0.984092311685284, "train_stats": null, "test_stats": null}