{"train_loss": 0.628070056438446, "test_loss": 0.3656640946865082, "train_stats": null, "test_stats": null}