{"train_loss": 0.4970548450946808, "test_loss": 0.21531826257705688, "train_stats": null, "test_stats": null}