{"train_loss": 1.0278615951538086, "test_loss": 0.9822826385498047, "train_stats": null, "test_stats": null}