{"train_loss": 0.009602925647050143, "test_loss": 0.010762274265289307, "train_stats": null, "test_stats": null}