{"train_loss": 0.0002559230022598058, "test_loss": 0.0003994470462203026, "train_stats": null, "test_stats": null}