{"train_loss": 0.9931409069458023, "test_loss": 1.0227776574131566, "train_stats": null, "test_stats": null}