{"train_loss": 0.2830546225423459, "test_loss": 0.4452725445544347, "train_stats": null, "test_stats": null}