{"train_loss": 0.025366690009832382, "test_loss": 0.024579763412475586, "train_stats": null, "test_stats": null}