{"train_loss": 0.010295221055663812, "test_loss": 1.8474782327810924, "train_stats": null, "test_stats": null}