{"train_loss": 0.13535520008468302, "test_loss": 0.3569021121095866, "train_stats": null, "test_stats": null}