{"train_loss": 0.017403256088573835, "test_loss": 3.943151130960238, "train_stats": null, "test_stats": null}