{"train_loss": 0.6197336795926094, "test_loss": 0.39948008593171835, "train_stats": null, "test_stats": null}