{"train_loss": 0.009906903544378353, "test_loss": 4.049123650489232, "train_stats": null, "test_stats": null}