{"train_loss": 0.011965533718466759, "test_loss": 0.01464963797479868, "train_stats": null, "test_stats": null}