{"train_loss": 0.0004169927211478353, "test_loss": 0.0005934997461736202, "train_stats": null, "test_stats": null}