{"train_loss": 0.9879697575196624, "test_loss": 1.0176024201354013, "train_stats": null, "test_stats": null}