{"train_loss": 0.01804965415421369, "test_loss": 0.12091495013068197, "train_stats": null, "test_stats": null}