{"train_loss": 0.010562866274267436, "test_loss": 0.01294197584502399, "train_stats": null, "test_stats": null}