{"train_loss": 0.006158476788550615, "test_loss": 0.006153232883661985, "train_stats": null, "test_stats": null}