{"train_loss": 0.0006357857026159763, "test_loss": 0.0007484564557671547, "train_stats": null, "test_stats": null}