{"train_loss": 0.5569451093673706, "test_loss": 0.5556985139846802, "train_stats": null, "test_stats": null}