{"train_loss": 0.98218002527114, "test_loss": 1.0122444857829251, "train_stats": null, "test_stats": null}