{"train_loss": 1.2603470978016655, "test_loss": 0.9369437982638676, "train_stats": null, "test_stats": null}