{"train_loss": 0.5567655205726624, "test_loss": 0.5552691519260406, "train_stats": null, "test_stats": null}