{"train_loss": 0.002934046078007668, "test_loss": 0.008383892476558685, "train_stats": null, "test_stats": null}