{"train_loss": 0.016405571391806005, "test_loss": 0.019671035930514336, "train_stats": null, "test_stats": null}