{"train_loss": 0.04845299832522869, "test_loss": 0.04857122991234064, "train_stats": null, "test_stats": null}