{"train_loss": 0.08318240283076496, "test_loss": 1.8185033784310023, "train_stats": null, "test_stats": null}