{"train_loss": 0.002072686624887865, "test_loss": 0.17084536291658878, "train_stats": null, "test_stats": null}