{"train_loss": 0.0043836711440235375, "test_loss": 0.009287543827667832, "train_stats": null, "test_stats": null}