{"train_loss": 0.49623408913612366, "test_loss": 0.2123032808303833, "train_stats": null, "test_stats": null}