{"train_loss": 0.0015971546900497438, "test_loss": 0.162818210820357, "train_stats": null, "test_stats": null}