{"train_loss": 0.002974198007189746, "test_loss": 0.11432924060490374, "train_stats": null, "test_stats": null}