{"train_loss": 0.007272492322930096, "test_loss": 0.09968452816462862, "train_stats": null, "test_stats": null}