{"train_loss": 0.2071797378361225, "test_loss": 0.21134018525481224, "train_stats": null, "test_stats": null}