{"train_loss": 0.556779608130455, "test_loss": 0.5553566515445709, "train_stats": null, "test_stats": null}