{"train_loss": 0.19837596184114228, "test_loss": 0.37457035197818184, "train_stats": null, "test_stats": null}