{"train_loss": 0.5666209012269974, "test_loss": 0.563663512468338, "train_stats": null, "test_stats": null}