{"train_loss": 1.029728348949924, "test_loss": 1.0597399262841791, "train_stats": null, "test_stats": null}