{"train_loss": 0.07924698609858752, "test_loss": 0.19913753867149353, "train_stats": null, "test_stats": null}