{"train_loss": 0.0010583605151623487, "test_loss": 0.0011528292670845985, "train_stats": null, "test_stats": null}