{"train_loss": 0.006802913779392838, "test_loss": 0.009301242185756564, "train_stats": null, "test_stats": null}