{"train_loss": 1.0188502835938706, "test_loss": 1.0483165001187007, "train_stats": null, "test_stats": null}