{"train_loss": 0.0022462424164890154, "test_loss": 0.16431912047167618, "train_stats": null, "test_stats": null}