{"train_loss": 0.04042811244726181, "test_loss": 0.038585592061281204, "train_stats": null, "test_stats": null}