{"train_loss": 0.001188736803184535, "test_loss": 1.0575920585542917, "train_stats": null, "test_stats": null}