{"train_loss": 0.009005540097132326, "test_loss": 0.011469928082078695, "train_stats": null, "test_stats": null}