{"train_loss": 0.49665024876594543, "test_loss": 0.21107958257198334, "train_stats": null, "test_stats": null}