{"train_loss": 0.5567693531513214, "test_loss": 0.555314376950264, "train_stats": null, "test_stats": null}