{"train_loss": 0.5567681461572647, "test_loss": 0.5552484095096588, "train_stats": null, "test_stats": null}