{"train_loss": 0.984429422499612, "test_loss": 1.0143844086115714, "train_stats": null, "test_stats": null}