{"train_loss": 0.5568085372447967, "test_loss": 0.5552024841308594, "train_stats": null, "test_stats": null}