{"train_loss": 0.0018326949983020313, "test_loss": 0.18247907633582752, "train_stats": null, "test_stats": null}