{"train_loss": 0.0011679615583670966, "test_loss": 1.716974187195301, "train_stats": null, "test_stats": null}