{"train_loss": 0.014084442882150446, "test_loss": 3.4501255820565166, "train_stats": null, "test_stats": null}