{"train_loss": 0.014001281543945273, "test_loss": 0.18313857192794483, "train_stats": null, "test_stats": null}