{"train_loss": 0.6532847474515439, "test_loss": 0.7452646531928331, "train_stats": null, "test_stats": null}