{"train_loss": 0.007939651500734423, "test_loss": 1.883845198104779, "train_stats": null, "test_stats": null}