{"train_loss": 0.4534625608474016, "test_loss": 0.33434422040979067, "train_stats": null, "test_stats": null}