{"train_loss": 0.003576046135276556, "test_loss": 0.0035465972032397985, "train_stats": null, "test_stats": null}