{"train_loss": 0.47099292278289795, "test_loss": 0.19618761539459229, "train_stats": null, "test_stats": null}