{"train_loss": 0.003867215383797884, "test_loss": 0.0038384965155273676, "train_stats": null, "test_stats": null}