{"train_loss": 0.0015078828792563096, "test_loss": 0.16305824394027393, "train_stats": null, "test_stats": null}