{"train_loss": 0.0380941207673511, "test_loss": 0.04212009713973675, "train_stats": null, "test_stats": null}