{"train_loss": 0.017086809501051903, "test_loss": 0.01951464405283332, "train_stats": null, "test_stats": null}