{"train_loss": 0.01186932516284287, "test_loss": 0.012975953053683043, "train_stats": null, "test_stats": null}