{"train_loss": 0.00477397220369312, "test_loss": 0.11033924007096176, "train_stats": null, "test_stats": null}