{"train_loss": 0.018494012020528316, "test_loss": 0.020323701202869415, "train_stats": null, "test_stats": null}