{"train_loss": 0.4978494644165039, "test_loss": 0.2194187194108963, "train_stats": null, "test_stats": null}