{"train_loss": 0.0017917655770967637, "test_loss": 1.8653662304083507, "train_stats": null, "test_stats": null}