{"train_loss": 0.9949414914194494, "test_loss": 1.0248417807067745, "train_stats": null, "test_stats": null}