{"train_loss": 0.6946509934961795, "test_loss": 0.41770241409540176, "train_stats": null, "test_stats": null}