{"train_loss": 0.9798957248358056, "test_loss": 1.0099236002105754, "train_stats": null, "test_stats": null}