{"train_loss": 1.0043843349842354, "test_loss": 1.0267264004340395, "train_stats": null, "test_stats": null}