{"train_loss": 0.540497362613678, "test_loss": 0.3318014144897461, "train_stats": null, "test_stats": null}