{"train_loss": 0.0005499670434285993, "test_loss": 1.811086313376824, "train_stats": null, "test_stats": null}