{"train_loss": 0.001111444029447739, "test_loss": 0.16873914922277133, "train_stats": null, "test_stats": null}