{"train_loss": 0.5588660955429077, "test_loss": 0.5582508146762848, "train_stats": null, "test_stats": null}