{"train_loss": 0.019591088220477105, "test_loss": 0.020392933394759893, "train_stats": null, "test_stats": null}