{"train_loss": 0.002510044082737295, "test_loss": 0.1538443515698115, "train_stats": null, "test_stats": null}