{"train_loss": 0.016021261998685078, "test_loss": 0.17451848487059277, "train_stats": null, "test_stats": null}