{"train_loss": 0.604184940457344, "test_loss": 0.6077365726232529, "train_stats": null, "test_stats": null}