{"train_loss": 0.8233655528584495, "test_loss": 0.8730167019965592, "train_stats": null, "test_stats": null}