{"train_loss": 0.5567761272192001, "test_loss": 0.5552277565002441, "train_stats": null, "test_stats": null}