{"train_loss": 0.5596937566995621, "test_loss": 0.5573273599147797, "train_stats": null, "test_stats": null}