{"train_loss": 0.4473487436771393, "test_loss": 0.24442948400974274, "train_stats": null, "test_stats": null}