{"train_loss": 0.4606781303882599, "test_loss": 0.2673969268798828, "train_stats": null, "test_stats": null}