{"train_loss": 0.01840069283166061, "test_loss": 0.021968816383904292, "train_stats": null, "test_stats": null}