{"train_loss": 0.2782211259007454, "test_loss": 0.27636081725358963, "train_stats": null, "test_stats": null}