{"train_loss": 0.0027583969720888033, "test_loss": 0.11367259139638464, "train_stats": null, "test_stats": null}