{"train_loss": 0.09131278842687607, "test_loss": 0.08375516533851624, "train_stats": null, "test_stats": null}