{"train_loss": 0.025043175159953534, "test_loss": 1.064311942582329, "train_stats": null, "test_stats": null}