{"train_loss": 0.0030864153914152816, "test_loss": 0.11121143860769962, "train_stats": null, "test_stats": null}