{"train_loss": 0.2442592276991345, "test_loss": 0.4105652801697142, "train_stats": null, "test_stats": null}