{"train_loss": 0.0027922510918934524, "test_loss": 0.11105645898232978, "train_stats": null, "test_stats": null}