{"train_loss": 0.009200019957885767, "test_loss": 0.1807290474573771, "train_stats": null, "test_stats": null}