{"train_loss": 0.04910787045955658, "test_loss": 0.0507048275321722, "train_stats": null, "test_stats": null}