{"train_loss": 0.5568006455898284, "test_loss": 0.5554169416427612, "train_stats": null, "test_stats": null}