{"train_loss": 0.012208288302645087, "test_loss": 0.015245734713971615, "train_stats": null, "test_stats": null}