{"train_loss": 0.5890880554914475, "test_loss": 0.5854423195123672, "train_stats": null, "test_stats": null}