{"train_loss": 7.741808795058727, "test_loss": 6.960285190343857, "train_stats": null, "test_stats": null}