{"train_loss": 0.05677907709032297, "test_loss": 0.05917920544743538, "train_stats": null, "test_stats": null}