{"train_loss": 0.0008195795468054712, "test_loss": 0.0009864241583272815, "train_stats": null, "test_stats": null}