{"train_loss": 0.4958394467830658, "test_loss": 0.21334099769592285, "train_stats": null, "test_stats": null}