{"train_loss": 0.0003169656381942332, "test_loss": 0.00041541841346770525, "train_stats": null, "test_stats": null}