{"train_loss": 0.002400955912162317, "test_loss": 1.1440630242228509, "train_stats": null, "test_stats": null}