{"train_loss": 1.28030240504692, "test_loss": 0.9563709676265717, "train_stats": null, "test_stats": null}