{"train_loss": 0.5567701458930969, "test_loss": 0.555241197347641, "train_stats": null, "test_stats": null}