{"train_loss": 0.28097007274627683, "test_loss": 0.2842025086283684, "train_stats": null, "test_stats": null}