{"train_loss": 0.0006270656362175941, "test_loss": 0.0007371544488705695, "train_stats": null, "test_stats": null}