{"train_loss": 0.009274097846473326, "test_loss": 0.013107083677235823, "train_stats": null, "test_stats": null}