{"train_loss": 0.733680585026741, "test_loss": 0.32747775986790656, "train_stats": null, "test_stats": null}