{"train_loss": 0.008686990664166418, "test_loss": 4.0711498629274985, "train_stats": null, "test_stats": null}