{"train_loss": 0.5567655146121979, "test_loss": 0.5552692711353302, "train_stats": null, "test_stats": null}