{"train_loss": 0.013382448814809322, "test_loss": 0.013373859226703644, "train_stats": null, "test_stats": null}