{"train_loss": 0.4960022270679474, "test_loss": 0.21180030703544617, "train_stats": null, "test_stats": null}