{"train_loss": 0.005764864108511271, "test_loss": 0.11194207210051293, "train_stats": null, "test_stats": null}