{"train_loss": 0.19585304912431942, "test_loss": 0.2782457669133631, "train_stats": null, "test_stats": null}