{"train_loss": 0.033028249921820435, "test_loss": 0.16459595635533333, "train_stats": null, "test_stats": null}