{"train_loss": 0.12067635171115398, "test_loss": 0.12447896786034107, "train_stats": null, "test_stats": null}