{"train_loss": 0.005161082930862903, "test_loss": 0.007967764511704445, "train_stats": null, "test_stats": null}