{"train_loss": 0.0009896556381136178, "test_loss": 0.0010675449157133698, "train_stats": null, "test_stats": null}