{"train_loss": 0.001388342408972676, "test_loss": 0.15198279569546383, "train_stats": null, "test_stats": null}