{"train_loss": 0.32176343947649, "test_loss": 0.317207895219326, "train_stats": null, "test_stats": null}