{"train_loss": 0.0018011508975178004, "test_loss": 0.0018604077631607652, "train_stats": null, "test_stats": null}