{"train_loss": 0.545774912815541, "test_loss": 0.3872519024088979, "train_stats": null, "test_stats": null}