{"train_loss": 0.003351690855655155, "test_loss": 0.11126796315631889, "train_stats": null, "test_stats": null}