{"train_loss": 0.5567677855491638, "test_loss": 0.5552499741315842, "train_stats": null, "test_stats": null}