{"train_loss": 0.26614897400140763, "test_loss": 0.26420535147190094, "train_stats": null, "test_stats": null}