{"train_loss": 0.002174394717440009, "test_loss": 0.0023406571708619595, "train_stats": null, "test_stats": null}