{"train_loss": 0.5602905422449111, "test_loss": 0.559957817196846, "train_stats": null, "test_stats": null}