{"train_loss": 0.03183869531688591, "test_loss": 0.19859412238001822, "train_stats": null, "test_stats": null}