{"train_loss": 0.3138081196385125, "test_loss": 0.30315940578778583, "train_stats": null, "test_stats": null}