{"train_loss": 0.0122942260323622, "test_loss": 0.016069896464979926, "train_stats": null, "test_stats": null}