{"train_loss": 0.5931468725204467, "test_loss": 0.5894234627485275, "train_stats": null, "test_stats": null}