{"train_loss": 0.48736174923057357, "test_loss": 1.4232706226408482, "train_stats": null, "test_stats": null}