{"train_loss": 0.003925725179633446, "test_loss": 0.11072525821365768, "train_stats": null, "test_stats": null}