{"train_loss": 0.009822422778793026, "test_loss": 0.013572334095580769, "train_stats": null, "test_stats": null}