{"train_loss": 1.0294237298816442, "test_loss": 1.0594520728383214, "train_stats": null, "test_stats": null}