{"train_loss": 0.3606517776846886, "test_loss": 0.35362064093351364, "train_stats": null, "test_stats": null}