{"train_loss": 0.0019283650281795416, "test_loss": 1.6899348389605682, "train_stats": null, "test_stats": null}