{"train_loss": 1.2603471018994847, "test_loss": 0.9369437952836355, "train_stats": null, "test_stats": null}