{"train_loss": 0.003039981862336087, "test_loss": 1.8600308912992478, "train_stats": null, "test_stats": null}