{"train_loss": 0.011934975804373001, "test_loss": 1.087111816679438, "train_stats": null, "test_stats": null}