{"train_loss": 0.02441381262615323, "test_loss": 0.026246231980621815, "train_stats": null, "test_stats": null}