{"train_loss": 0.98803110988345, "test_loss": 1.0177736268227455, "train_stats": null, "test_stats": null}