{"train_loss": 0.0008381191827599347, "test_loss": 1.7474368113279342, "train_stats": null, "test_stats": null}