{"train_loss": 0.0642776040166306, "test_loss": 0.15902389710148176, "train_stats": null, "test_stats": null}