{"train_loss": 0.0011075290093382742, "test_loss": 0.17292034700512887, "train_stats": null, "test_stats": null}