{"train_loss": 0.030026043578982354, "test_loss": 0.030720677226781845, "train_stats": null, "test_stats": null}