{"train_loss": 0.5568101733922959, "test_loss": 0.5554401576519012, "train_stats": null, "test_stats": null}