{"train_loss": 0.00041034428868442775, "test_loss": 0.0005081514827907085, "train_stats": null, "test_stats": null}