{"train_loss": 0.0014934097312410207, "test_loss": 1.0529503758996726, "train_stats": null, "test_stats": null}