{"train_loss": 0.024449988211381425, "test_loss": 0.15586422670038397, "train_stats": null, "test_stats": null}