{"train_loss": 0.44858288764953613, "test_loss": 0.25004494190216064, "train_stats": null, "test_stats": null}