{"train_loss": 0.023319488018751146, "test_loss": 0.02225593663752079, "train_stats": null, "test_stats": null}