{"train_loss": 0.902988705970347, "test_loss": 0.38175539564341304, "train_stats": null, "test_stats": null}