{"train_loss": 0.6449268884956837, "test_loss": 0.5580011054873466, "train_stats": null, "test_stats": null}