{"train_loss": 0.558248656988144, "test_loss": 0.556115984916687, "train_stats": null, "test_stats": null}