{"train_loss": 0.010192120046516356, "test_loss": 3.465731285397826, "train_stats": null, "test_stats": null}