{"train_loss": 0.15652635433676187, "test_loss": 0.38610790895670655, "train_stats": null, "test_stats": null}