{"train_loss": 0.014428659155964852, "test_loss": 0.016378443222492933, "train_stats": null, "test_stats": null}