{"train_loss": 0.003657212195824589, "test_loss": 0.10839893861552734, "train_stats": null, "test_stats": null}