{"train_loss": 0.0800899851925836, "test_loss": 0.21155681044408994, "train_stats": null, "test_stats": null}