{"train_loss": 0.5567660093307495, "test_loss": 0.5552620440721512, "train_stats": null, "test_stats": null}