{"train_loss": 0.0063869868172332644, "test_loss": 0.00785574282053858, "train_stats": null, "test_stats": null}