{"train_loss": 0.09068813621997833, "test_loss": 0.09327756427228451, "train_stats": null, "test_stats": null}