{"train_loss": 0.49623456597328186, "test_loss": 0.2123010903596878, "train_stats": null, "test_stats": null}