{"train_loss": 0.01611325703561306, "test_loss": 0.015396281145513058, "train_stats": null, "test_stats": null}