{"train_loss": 0.002851906880456075, "test_loss": 0.11175913111622283, "train_stats": null, "test_stats": null}