{"train_loss": 0.04288604343892075, "test_loss": 1.216914296026031, "train_stats": null, "test_stats": null}