{"train_loss": 0.0001858778268797323, "test_loss": 0.000287050090264529, "train_stats": null, "test_stats": null}