{"train_loss": 0.013004057564852543, "test_loss": 0.016195951235087463, "train_stats": null, "test_stats": null}