{"train_loss": 0.6280739903450012, "test_loss": 0.3656679391860962, "train_stats": null, "test_stats": null}