{"train_loss": 0.17598672434687615, "test_loss": 0.17273080348968506, "train_stats": null, "test_stats": null}