{"train_loss": 0.0006139488532759666, "test_loss": 1.9030829338232675, "train_stats": null, "test_stats": null}