{"train_loss": 0.9889308265047148, "test_loss": 1.0185402846860234, "train_stats": null, "test_stats": null}