{"train_loss": 0.1665254555642605, "test_loss": 0.1663820669054985, "train_stats": null, "test_stats": null}