{"train_loss": 0.04920962881296873, "test_loss": 0.05182117410004139, "train_stats": null, "test_stats": null}