{"train_loss": 1.1164095640182494, "test_loss": 1.0921579599380493, "train_stats": null, "test_stats": null}