{"train_loss": 0.030979030579328538, "test_loss": 0.033778777346014977, "train_stats": null, "test_stats": null}