{"train_loss": 0.053490140661597255, "test_loss": 0.055354973301291466, "train_stats": null, "test_stats": null}