{"train_loss": 0.02353933025151491, "test_loss": 0.02615959756076336, "train_stats": null, "test_stats": null}