{"train_loss": 0.012627970522201697, "test_loss": 0.16006770291834377, "train_stats": null, "test_stats": null}