{"train_loss": 0.0006469599553383887, "test_loss": 0.0008282446069642901, "train_stats": null, "test_stats": null}