{"train_loss": 0.34798118472099304, "test_loss": 0.34127087891101837, "train_stats": null, "test_stats": null}