{"train_loss": 0.6928744941949845, "test_loss": 0.4217444136738777, "train_stats": null, "test_stats": null}