{"train_loss": 0.039804124257837734, "test_loss": 0.1748131522287925, "train_stats": null, "test_stats": null}