{"train_loss": 0.014864456345288393, "test_loss": 1.6905798416336377, "train_stats": null, "test_stats": null}