{"train_loss": 0.9797393385590986, "test_loss": 1.0097351379739121, "train_stats": null, "test_stats": null}