{"train_loss": 0.0005864133190334542, "test_loss": 1.9039401442805926, "train_stats": null, "test_stats": null}