{"train_loss": 6.424876016215235, "test_loss": 5.637762819924392, "train_stats": null, "test_stats": null}