{"train_loss": 0.9791740298892061, "test_loss": 1.9367450391252836, "train_stats": null, "test_stats": null}