{"train_loss": 0.8700964509323239, "test_loss": 0.3803029276803136, "train_stats": null, "test_stats": null}