{"train_loss": 0.6442155689001083, "test_loss": 0.6402628123760223, "train_stats": null, "test_stats": null}