{"train_loss": 0.8445486320247874, "test_loss": 0.8836851623714902, "train_stats": null, "test_stats": null}