{"train_loss": 0.0004063520580530167, "test_loss": 0.0005620709271170199, "train_stats": null, "test_stats": null}