{"train_loss": 0.003403259441256523, "test_loss": 0.0035197657998651266, "train_stats": null, "test_stats": null}