{"train_loss": 0.004973939410721565, "test_loss": 0.11017421779005872, "train_stats": null, "test_stats": null}