{"train_loss": 0.00810480343643576, "test_loss": 0.011927989544346929, "train_stats": null, "test_stats": null}