{"train_loss": 0.08614811344305054, "test_loss": 1.1663666261980932, "train_stats": null, "test_stats": null}