{"train_loss": 0.03733153194189072, "test_loss": 0.038827886804938316, "train_stats": null, "test_stats": null}