{"train_loss": 0.00014267366204876453, "test_loss": 0.00027869053883478045, "train_stats": null, "test_stats": null}