{"train_loss": 0.009148598468163982, "test_loss": 1.9630637537439664, "train_stats": null, "test_stats": null}