{"train_loss": 1.0220484871417284, "test_loss": 1.9655730158090592, "train_stats": null, "test_stats": null}