{"train_loss": 0.8631308734416961, "test_loss": 0.3778922833502293, "train_stats": null, "test_stats": null}