{"train_loss": 0.024998989328742026, "test_loss": 0.026423584669828415, "train_stats": null, "test_stats": null}