{"train_loss": 0.05922797875855394, "test_loss": 0.22005222526514748, "train_stats": null, "test_stats": null}