{"train_loss": 0.005498456307395827, "test_loss": 0.17098666230837503, "train_stats": null, "test_stats": null}