{"train_loss": 0.000186091783689335, "test_loss": 0.00026422287919558585, "train_stats": null, "test_stats": null}