{"train_loss": 0.0001269673026399687, "test_loss": 0.00020410804427228868, "train_stats": null, "test_stats": null}