{"train_loss": 0.32105268985033036, "test_loss": 0.31632303446531296, "train_stats": null, "test_stats": null}