{"train_loss": 0.04190761223435402, "test_loss": 0.04290494788438082, "train_stats": null, "test_stats": null}