{"train_loss": 0.3756601613438688, "test_loss": 0.5255192962200381, "train_stats": null, "test_stats": null}