{"train_loss": 0.0001898904418339953, "test_loss": 0.000365713145583868, "train_stats": null, "test_stats": null}