{"train_loss": 0.5567658126354218, "test_loss": 0.5552642792463303, "train_stats": null, "test_stats": null}