{"train_loss": 0.574469635845162, "test_loss": 0.3946553561836481, "train_stats": null, "test_stats": null}