{"train_loss": 0.991278025155887, "test_loss": 1.0212001082897186, "train_stats": null, "test_stats": null}