{"train_loss": 0.002084618622029666, "test_loss": 1.6825456177194913, "train_stats": null, "test_stats": null}