{"train_loss": 0.5000964403152466, "test_loss": 0.22506873309612274, "train_stats": null, "test_stats": null}