{"train_loss": 0.7319522380828858, "test_loss": 0.5326647907495499, "train_stats": null, "test_stats": null}