{"train_loss": 0.046187135949730874, "test_loss": 0.04790307395160198, "train_stats": null, "test_stats": null}