{"train_loss": 0.004372712294571102, "test_loss": 0.006168198888190091, "train_stats": null, "test_stats": null}