{"train_loss": 0.8319020517645404, "test_loss": 0.8721216373636853, "train_stats": null, "test_stats": null}