{"train_loss": 0.001476872585529539, "test_loss": 0.1688509900122881, "train_stats": null, "test_stats": null}