{"train_loss": 0.0001342192030278966, "test_loss": 0.000269282900262624, "train_stats": null, "test_stats": null}