{"train_loss": 0.5001028180122375, "test_loss": 0.22508107125759125, "train_stats": null, "test_stats": null}