{"train_loss": 0.004493584950590351, "test_loss": 0.1057965466449635, "train_stats": null, "test_stats": null}