{"train_loss": 0.06664731837809086, "test_loss": 0.06635561771690845, "train_stats": null, "test_stats": null}