{"train_loss": 0.01213325724646893, "test_loss": 0.10271358276238364, "train_stats": null, "test_stats": null}