{"train_loss": 0.9877053969306872, "test_loss": 1.015155397642171, "train_stats": null, "test_stats": null}