{"train_loss": 0.0052273722996081535, "test_loss": 0.15712530575692654, "train_stats": null, "test_stats": null}