{"train_loss": 0.49600234627723694, "test_loss": 0.2118005007505417, "train_stats": null, "test_stats": null}