{"train_loss": 0.01877913363960612, "test_loss": 0.16601490233751823, "train_stats": null, "test_stats": null}