{"train_loss": 0.02140741446055472, "test_loss": 0.9783977465083201, "train_stats": null, "test_stats": null}