{"train_loss": 0.0030580270569771527, "test_loss": 0.003046904457733035, "train_stats": null, "test_stats": null}