{"train_loss": 0.004797915159724653, "test_loss": 0.007618708070367575, "train_stats": null, "test_stats": null}