{"train_loss": 0.005217300532967784, "test_loss": 0.16329633966088294, "train_stats": null, "test_stats": null}