{"train_loss": 0.5605784088373185, "test_loss": 0.560287669301033, "train_stats": null, "test_stats": null}