{"train_loss": 0.23921800459114215, "test_loss": 1.3600566243131955, "train_stats": null, "test_stats": null}