{"train_loss": 0.021573761571198703, "test_loss": 0.022866022773087025, "train_stats": null, "test_stats": null}