{"train_loss": 0.013995427130854903, "test_loss": 0.1585025781076547, "train_stats": null, "test_stats": null}