{"train_loss": 0.11112416349351406, "test_loss": 0.10944975912570953, "train_stats": null, "test_stats": null}