{"train_loss": 0.0026684470261291913, "test_loss": 0.16110514725248018, "train_stats": null, "test_stats": null}