{"train_loss": 0.5599115371704102, "test_loss": 0.5595149248838425, "train_stats": null, "test_stats": null}