{"train_loss": 0.011109327478334308, "test_loss": 0.013062088983133435, "train_stats": null, "test_stats": null}