{"train_loss": 0.00539650817780057, "test_loss": 1.6469422448674838, "train_stats": null, "test_stats": null}