{"train_loss": 0.07603730763463924, "test_loss": 0.21909378369649252, "train_stats": null, "test_stats": null}