{"train_loss": 0.5567654937505722, "test_loss": 0.5552701950073242, "train_stats": null, "test_stats": null}