{"train_loss": 0.022197465222173682, "test_loss": 0.18498109032710394, "train_stats": null, "test_stats": null}