{"train_loss": 0.0017182330368086696, "test_loss": 0.0017616833792999387, "train_stats": null, "test_stats": null}