{"train_loss": 0.0012193938585066159, "test_loss": 1.175447221348683, "train_stats": null, "test_stats": null}