{"train_loss": 0.014736505005081805, "test_loss": 0.16113524089256923, "train_stats": null, "test_stats": null}