{"train_loss": 0.0007279550773091614, "test_loss": 0.0008064605062827468, "train_stats": null, "test_stats": null}