{"train_loss": 0.0011750722191209207, "test_loss": 0.16848769138256708, "train_stats": null, "test_stats": null}