{"train_loss": 0.49705636501312256, "test_loss": 0.2153255045413971, "train_stats": null, "test_stats": null}