{"train_loss": 1.000195038318634, "test_loss": 0.9623717069625854, "train_stats": null, "test_stats": null}