{"train_loss": 0.3092088997364044, "test_loss": 0.2865302264690399, "train_stats": null, "test_stats": null}