{"train_loss": 0.0023087059196162346, "test_loss": 1.0300497422615686, "train_stats": null, "test_stats": null}