{"train_loss": 0.9998782193511725, "test_loss": 1.0269168035197072, "train_stats": null, "test_stats": null}