{"train_loss": 0.001721605356336416, "test_loss": 0.15150896335641542, "train_stats": null, "test_stats": null}