{"train_loss": 0.556765416264534, "test_loss": 0.5552750825881958, "train_stats": null, "test_stats": null}