{"train_loss": 0.005526244081556797, "test_loss": 0.00534554198384285, "train_stats": null, "test_stats": null}