{"train_loss": 0.012972437590360642, "test_loss": 0.012351438403129578, "train_stats": null, "test_stats": null}