{"train_loss": 0.0028009333031123636, "test_loss": 0.11402604963123622, "train_stats": null, "test_stats": null}