{"train_loss": 0.9891575506441295, "test_loss": 1.0193961986347568, "train_stats": null, "test_stats": null}