{"train_loss": 0.08168504498898983, "test_loss": 0.08460705541074276, "train_stats": null, "test_stats": null}