{"train_loss": 0.07137708911905065, "test_loss": 0.8484718125934402, "train_stats": null, "test_stats": null}