{"train_loss": 0.5567264497280121, "test_loss": 0.5552215427160263, "train_stats": null, "test_stats": null}