{"train_loss": 0.014907776874800523, "test_loss": 1.0484774619340897, "train_stats": null, "test_stats": null}