{"train_loss": 0.1733887441456318, "test_loss": 0.1714002937078476, "train_stats": null, "test_stats": null}