{"train_loss": 0.0005314588239555936, "test_loss": 1.816112557897965, "train_stats": null, "test_stats": null}