{"train_loss": 0.007681240665083351, "test_loss": 0.10844321536395607, "train_stats": null, "test_stats": null}