{"train_loss": 0.1070511057972908, "test_loss": 0.10793959349393845, "train_stats": null, "test_stats": null}