{"train_loss": 0.0010452485807036283, "test_loss": 0.17186638787388803, "train_stats": null, "test_stats": null}