{"train_loss": 0.10316927582025529, "test_loss": 0.1059961523860693, "train_stats": null, "test_stats": null}