{"train_loss": 0.45357125997543335, "test_loss": 0.2355804592370987, "train_stats": null, "test_stats": null}