{"train_loss": 0.04583734160968258, "test_loss": 1.852643965681394, "train_stats": null, "test_stats": null}