{"train_loss": 0.821317636847496, "test_loss": 0.8613652548389509, "train_stats": null, "test_stats": null}