{"train_loss": 0.011420826520770788, "test_loss": 0.014141552615910769, "train_stats": null, "test_stats": null}