{"train_loss": 0.07681576609611511, "test_loss": 0.07717834413051605, "train_stats": null, "test_stats": null}