{"train_loss": 0.012952254539053076, "test_loss": 0.15893070734879985, "train_stats": null, "test_stats": null}