{"train_loss": 0.4010086147735516, "test_loss": 0.2764170244336128, "train_stats": null, "test_stats": null}