{"train_loss": 0.5567765474319458, "test_loss": 0.555227056145668, "train_stats": null, "test_stats": null}