{"train_loss": 0.5078369379043579, "test_loss": 0.2264023870229721, "train_stats": null, "test_stats": null}