{"train_loss": 0.017662724374968092, "test_loss": 0.09160999585769787, "train_stats": null, "test_stats": null}