{"train_loss": 0.00999839193924951, "test_loss": 0.18999766285220782, "train_stats": null, "test_stats": null}