{"train_loss": 0.5565688997507096, "test_loss": 0.5550461262464523, "train_stats": null, "test_stats": null}