{"train_loss": 0.009679903892810338, "test_loss": 0.19976811400637112, "train_stats": null, "test_stats": null}