{"train_loss": 0.9872779100916038, "test_loss": 1.8595439508060614, "train_stats": null, "test_stats": null}