{"train_loss": 0.5570945769548417, "test_loss": 0.5559365898370743, "train_stats": null, "test_stats": null}