{"train_loss": 0.0261836339525568, "test_loss": 0.19865375583370526, "train_stats": null, "test_stats": null}