{"train_loss": 0.015971974233077706, "test_loss": 3.4103927814426362, "train_stats": null, "test_stats": null}