{"train_loss": 0.5689033299684525, "test_loss": 0.5658137500286102, "train_stats": null, "test_stats": null}