{"train_loss": 0.5567699879407882, "test_loss": 0.5552416741847992, "train_stats": null, "test_stats": null}