{"train_loss": 0.5567736357450486, "test_loss": 0.5552324205636978, "train_stats": null, "test_stats": null}