{"train_loss": 0.5553170442581177, "test_loss": 0.4053431749343872, "train_stats": null, "test_stats": null}