{"train_loss": 0.0011556529917773636, "test_loss": 1.1773777256409328, "train_stats": null, "test_stats": null}