{"train_loss": 0.5679733204864896, "test_loss": 0.6508020098861307, "train_stats": null, "test_stats": null}