{"train_loss": 0.9921644333368167, "test_loss": 1.0216954275269527, "train_stats": null, "test_stats": null}