{"train_loss": 1.0025692743128165, "test_loss": 1.0322099133231677, "train_stats": null, "test_stats": null}