{"train_loss": 0.2326485149562359, "test_loss": 0.23273054137825966, "train_stats": null, "test_stats": null}