{"train_loss": 0.0221341572701931, "test_loss": 0.02116623893380165, "train_stats": null, "test_stats": null}