{"train_loss": 0.4839763343334198, "test_loss": 0.18905732035636902, "train_stats": null, "test_stats": null}