{"train_loss": 0.4958392381668091, "test_loss": 0.2133396863937378, "train_stats": null, "test_stats": null}