{"train_loss": 2.867580609675497, "test_loss": 2.514216267640392, "train_stats": null, "test_stats": null}