{"train_loss": 0.0026193478729207224, "test_loss": 0.1738190268476804, "train_stats": null, "test_stats": null}