{"train_loss": 0.002587931044399738, "test_loss": 0.008168667671270669, "train_stats": null, "test_stats": null}