{"train_loss": 0.5682627260684967, "test_loss": 0.5652242749929428, "train_stats": null, "test_stats": null}