{"train_loss": 0.5571176648139954, "test_loss": 0.5559738576412201, "train_stats": null, "test_stats": null}