{"train_loss": 0.004794174712151289, "test_loss": 0.005281971301883459, "train_stats": null, "test_stats": null}