{"train_loss": 0.49665096402168274, "test_loss": 0.21107818186283112, "train_stats": null, "test_stats": null}