{"train_loss": 0.5579724192619324, "test_loss": 0.55712890625, "train_stats": null, "test_stats": null}