{"train_loss": 0.018304951638371373, "test_loss": 0.16294363044385135, "train_stats": null, "test_stats": null}