{"train_loss": 0.0002615626668557525, "test_loss": 0.0003483557957224548, "train_stats": null, "test_stats": null}