{"train_loss": 0.0002063943858956918, "test_loss": 0.0003440696164034307, "train_stats": null, "test_stats": null}