{"train_loss": 1.0072571506397798, "test_loss": 1.8865831683079402, "train_stats": null, "test_stats": null}