{"train_loss": 0.0013072939521710698, "test_loss": 0.15222040141622226, "train_stats": null, "test_stats": null}