{"train_loss": 0.013994092075154185, "test_loss": 0.016589418752118945, "train_stats": null, "test_stats": null}