{"train_loss": 1.260347097615401, "test_loss": 0.9369437923034032, "train_stats": null, "test_stats": null}