{"train_loss": 0.557060781121254, "test_loss": 0.5558806210756302, "train_stats": null, "test_stats": null}