{"train_loss": 0.5567654252052308, "test_loss": 0.5552749037742615, "train_stats": null, "test_stats": null}