{"train_loss": 0.0009560983117808064, "test_loss": 1.866884366075198, "train_stats": null, "test_stats": null}