{"train_loss": 0.0016871670028194784, "test_loss": 0.0018397350795567036, "train_stats": null, "test_stats": null}