{"train_loss": 2.8444499463867396, "test_loss": 2.4902127555152402, "train_stats": null, "test_stats": null}