{"train_loss": 0.05120540037751198, "test_loss": 0.05048840120434761, "train_stats": null, "test_stats": null}