{"train_loss": 0.0541280832387838, "test_loss": 0.19193588475331733, "train_stats": null, "test_stats": null}