{"train_loss": 0.006764744698387342, "test_loss": 4.085663492521987, "train_stats": null, "test_stats": null}