{"train_loss": 1.002018298891373, "test_loss": 1.0296390060130507, "train_stats": null, "test_stats": null}