{"train_loss": 0.568608483672142, "test_loss": 0.5655529201030731, "train_stats": null, "test_stats": null}