{"train_loss": 0.5567673325538636, "test_loss": 0.5553016513586044, "train_stats": null, "test_stats": null}