{"train_loss": 0.0008251179779472295, "test_loss": 1.885022800564766, "train_stats": null, "test_stats": null}