{"train_loss": 0.7368108049593866, "test_loss": 0.3931857271492481, "train_stats": null, "test_stats": null}