{"train_loss": 0.07972541190683842, "test_loss": 0.08308951184153557, "train_stats": null, "test_stats": null}