{"train_loss": 0.035403177887201306, "test_loss": 0.03641563095152378, "train_stats": null, "test_stats": null}