{"train_loss": 0.5568242549896241, "test_loss": 0.5551990419626236, "train_stats": null, "test_stats": null}