{"train_loss": 1.0019958250215277, "test_loss": 1.0319680271409453, "train_stats": null, "test_stats": null}