{"train_loss": 0.005934252829077499, "test_loss": 0.1572878667463859, "train_stats": null, "test_stats": null}