{"train_loss": 0.5078371167182922, "test_loss": 0.2264014333486557, "train_stats": null, "test_stats": null}