{"train_loss": 9.888040513033048e-05, "test_loss": 0.00017291850235778838, "train_stats": null, "test_stats": null}