{"train_loss": 0.12589789517223834, "test_loss": 0.12623520009219646, "train_stats": null, "test_stats": null}