{"train_loss": 0.009993325732648373, "test_loss": 0.009676702320575714, "train_stats": null, "test_stats": null}