{"train_loss": 0.980353341047652, "test_loss": 1.0102460487617646, "train_stats": null, "test_stats": null}