{"train_loss": 0.4978502690792084, "test_loss": 0.21942010521888733, "train_stats": null, "test_stats": null}