{"train_loss": 0.012421359897901614, "test_loss": 0.18404888560374577, "train_stats": null, "test_stats": null}