{"train_loss": 0.031135203782469034, "test_loss": 0.03306811396032572, "train_stats": null, "test_stats": null}