{"train_loss": 1.0129885412659496, "test_loss": 1.0478479409161956, "train_stats": null, "test_stats": null}