{"train_loss": 0.01687682867050171, "test_loss": 0.02017000736668706, "train_stats": null, "test_stats": null}