{"train_loss": 0.03257526975270875, "test_loss": 0.2681228378903749, "train_stats": null, "test_stats": null}