{"train_loss": 0.00033759132493287324, "test_loss": 0.0005059296963736415, "train_stats": null, "test_stats": null}