{"train_loss": 0.0006669349502772092, "test_loss": 0.0008047069422900677, "train_stats": null, "test_stats": null}