{"train_loss": 0.0063718687985480455, "test_loss": 1.036666011189421, "train_stats": null, "test_stats": null}