{"train_loss": 0.8764392616068944, "test_loss": 0.9117627579355613, "train_stats": null, "test_stats": null}