{"train_loss": 0.0017361016349847584, "test_loss": 1.1630425261954467, "train_stats": null, "test_stats": null}