{"train_loss": 0.0011256100681445484, "test_loss": 1.0569317142168682, "train_stats": null, "test_stats": null}