{"train_loss": 0.6654059062805027, "test_loss": 0.4203743886947632, "train_stats": null, "test_stats": null}