{"train_loss": 0.03955685012042522, "test_loss": 0.04165326151996851, "train_stats": null, "test_stats": null}