{"train_loss": 0.9955364688839763, "test_loss": 1.025956367417937, "train_stats": null, "test_stats": null}