{"train_loss": 0.9453060921356082, "test_loss": 0.9770828690479976, "train_stats": null, "test_stats": null}