{"train_loss": 1.0025827646162362, "test_loss": 1.0329849699593614, "train_stats": null, "test_stats": null}