{"train_loss": 0.016307764546945692, "test_loss": 0.01711731916293502, "train_stats": null, "test_stats": null}