{"train_loss": 0.5954626977443696, "test_loss": 0.598435714840889, "train_stats": null, "test_stats": null}