{"train_loss": 0.5567669957876206, "test_loss": 0.5552989542484283, "train_stats": null, "test_stats": null}