{"train_loss": 0.4618512533760319, "test_loss": 0.4037609060605367, "train_stats": null, "test_stats": null}