{"train_loss": 0.023263485258970224, "test_loss": 0.1569193555441052, "train_stats": null, "test_stats": null}