{"train_loss": 0.0048927192110568285, "test_loss": 0.006610795273445547, "train_stats": null, "test_stats": null}