{"train_loss": 0.014357524980471983, "test_loss": 0.2253503473665114, "train_stats": null, "test_stats": null}