{"train_loss": 0.008118709363043309, "test_loss": 0.00836239941418171, "train_stats": null, "test_stats": null}