{"train_loss": 0.48896968364715576, "test_loss": 0.21003679931163788, "train_stats": null, "test_stats": null}