{"train_loss": 0.6590275004506111, "test_loss": 0.47258144319057466, "train_stats": null, "test_stats": null}