{"train_loss": 0.022620485501829535, "test_loss": 0.1889296603699525, "train_stats": null, "test_stats": null}