{"train_loss": 0.5567654818296432, "test_loss": 0.5552798956632614, "train_stats": null, "test_stats": null}