{"train_loss": 0.09901767447590828, "test_loss": 0.1000736877322197, "train_stats": null, "test_stats": null}