{"train_loss": 0.6349564820528031, "test_loss": 0.5687539160251618, "train_stats": null, "test_stats": null}