{"train_loss": 0.006090137362480164, "test_loss": 0.006362150423228741, "train_stats": null, "test_stats": null}