{"train_loss": 0.907448785007, "test_loss": 0.6332992643117905, "train_stats": null, "test_stats": null}