{"train_loss": 1.0111674463897944, "test_loss": 1.040725088922307, "train_stats": null, "test_stats": null}