{"train_loss": 0.5034332275390625, "test_loss": 0.2099757045507431, "train_stats": null, "test_stats": null}