{"train_loss": 0.0068711861868041525, "test_loss": 0.09556104337443079, "train_stats": null, "test_stats": null}