{"train_loss": 0.3341090247035027, "test_loss": 0.3302726149559021, "train_stats": null, "test_stats": null}