{"train_loss": 0.5034278035163879, "test_loss": 0.2099740356206894, "train_stats": null, "test_stats": null}