{"train_loss": 0.5568525940179825, "test_loss": 0.555530846118927, "train_stats": null, "test_stats": null}