{"train_loss": 0.5804802179336548, "test_loss": 0.5823365598917007, "train_stats": null, "test_stats": null}