{"train_loss": 0.002903646184131503, "test_loss": 0.0031592990271747112, "train_stats": null, "test_stats": null}