{"train_loss": 2.8437097685209785, "test_loss": 2.490027099267269, "train_stats": null, "test_stats": null}