{"train_loss": 0.0012190695386379957, "test_loss": 0.0013289273483678699, "train_stats": null, "test_stats": null}