{"train_loss": 0.005497506146396821, "test_loss": 1.1209952612717946, "train_stats": null, "test_stats": null}