{"train_loss": 0.12907009204500355, "test_loss": 0.3565885653333971, "train_stats": null, "test_stats": null}