{"train_loss": 0.01834077760577202, "test_loss": 0.020856555551290512, "train_stats": null, "test_stats": null}