{"train_loss": 0.01305925735145138, "test_loss": 0.09423561169422708, "train_stats": null, "test_stats": null}