{"train_loss": 6.4434773749308665, "test_loss": 5.656354524549097, "train_stats": null, "test_stats": null}