{"train_loss": 0.8086984157189727, "test_loss": 0.3745285585243255, "train_stats": null, "test_stats": null}